2005-01-04, 24.22
2005-01-05, 24.57
2005-01-06, 24.31
2005-01-07, 24.34
2005-01-10, 24.59
2005-01-11, 24.63
2005-01-12, 24.62
2005-01-13, 24.68
2005-01-14, 24.41
2005-01-17, 23.86
2005-01-18, 24.12
2005-01-19, 23.89
2005-01-20, 23.57
2005-01-21, 24.07
2005-01-24, 24.54
2005-01-25, 24.43
2005-01-26, 24.27
2005-01-27, 23.87
2005-01-28, 23.56
2005-01-31, 23.04
2005-02-01, 22.79
2005-02-02, 23.99
2005-02-03, 23.46
2005-02-04, 23.53
2005-02-16, 23.73
2005-02-17, 23.74
2005-02-18, 23.47
2005-02-21, 23.7
2005-02-22, 24.12
2005-02-23, 24.13
2005-02-24, 24.13
2005-02-25, 24.14
2005-02-28, 24.06
2005-03-01, 23.58
2005-03-02, 23.22
2005-03-03, 23.32
2005-03-04, 22.39
2005-03-07, 22.54
2005-03-08, 22.82
2005-03-09, 22.88
2005-03-10, 22.34
2005-03-11, 22.44
2005-03-14, 22.44
2005-03-15, 21.93
2005-03-16, 21.71
2007-05-25, 55.01
2007-05-28, 56.37
2007-05-29, 57.72
2007-05-30, 53.51
2007-05-31, 53.08
2007-06-01, 50.7
2007-06-04, 46.63
2007-06-05, 47.89
2007-06-06, 48.89
2007-06-07, 50.79
2007-06-08, 51.62
2007-06-11, 52.95
2007-06-12, 54.45
2007-06-13, 55.81
2007-06-14, 55.22
2007-06-15, 55.36
2007-06-18, 56.93
2007-06-19, 57.74
2007-06-20, 56.5
2007-06-21, 56.54
2007-06-22, 53.98
2007-06-25, 51.21
2007-06-26, 52.12
2007-06-27, 53.59
2007-06-28, 50.63
2007-06-29, 49.39
2007-07-02, 49.54
2007-07-03, 50.57
2007-07-04, 49.54
2007-07-05, 46.57
2007-07-06, 48.92
2007-07-09, 50.52
2007-07-10, 49.41
2007-07-11, 49.87
2007-07-12, 50.13
2007-07-13, 50.08
2007-07-16, 48.56
2007-07-17, 49.65
2007-07-18, 49.63
2007-07-19, 50.04
2007-07-20, 52.07
2007-07-23, 54.75
2007-07-24, 54.91
2007-07-25, 56.24
2007-07-26, 57.09
2007-07-27, 57.77
2007-07-30, 59.1
2007-07-31, 59.85
2007-08-01, 57.57
2007-08-02, 60.01
2007-08-03, 61.55
2007-08-06, 62.82
2007-08-07, 62.86
2007-08-08, 61.94
2007-08-09, 62.87
2007-08-10, 61.5
2007-08-13, 60.99
2007-08-14, 62.12
2007-08-15, 61.85
2007-08-16, 61.72
2007-08-17, 60.77
2007-08-20, 63.61
2007-08-21, 64.58
2007-08-22, 65.68
2007-08-23, 66.67
2007-08-24, 67.45
2007-08-27, 67.8
2007-08-28, 67.88
2007-08-29, 66.71
2007-08-30, 68.15
2007-08-31, 68.99
2007-09-03, 70.49
2007-09-04, 69.64
2007-09-05, 70.03
2007-09-06, 70.48
2007-09-07, 69.1
2007-09-10, 70.07
2007-09-11, 66.32
2007-09-12, 67.32
2007-09-13, 69.19
2007-09-14, 70.29
2007-09-17, 71.7
2007-09-18, 71.53
2007-09-19, 70.58
2007-09-20, 71.35
2007-09-21, 71.03
2007-09-24, 71.38
2007-09-25, 70.75
2007-09-26, 69.65
2007-09-27, 71.0
2007-09-28, 72.97
2007-10-08, 73.29
2007-10-09, 73.8
2007-10-10, 73.47
2007-10-11, 73.12
2007-10-12, 72.39
2007-10-15, 72.78
2007-10-16, 73.51
2007-10-17, 73.15
2007-10-18, 71.6
2007-10-19, 71.6
2007-10-22, 69.59
2007-10-23, 70.07
2007-10-24, 69.69
2007-10-25, 65.34
2007-10-26, 65.59
2007-10-29, 66.86
2007-10-30, 68.41
2007-10-31, 70.1
2007-11-01, 68.39
2007-11-02, 66.33
2007-11-05, 65.82
2007-11-06, 65.95
2007-11-07, 65.94
2007-11-08, 63.13
2007-11-09, 62.16
2007-11-12, 61.24
2007-11-13, 60.8
2007-11-14, 63.11
2007-11-15, 62.25
2007-11-16, 61.59
2007-11-19, 62.34
2007-11-20, 63.52
2007-11-21, 62.93
2007-11-22, 60.04
2007-11-23, 60.96
2007-11-26, 60.34
2007-11-27, 59.37
2007-11-28, 58.41
2007-11-29, 60.23
2007-11-30, 59.21
2007-12-03, 59.81
2007-12-04, 60.41
2007-12-05, 62.11
2007-12-06, 62.16
2007-12-07, 63.13
2007-12-10, 64.77
2007-12-11, 64.97
2007-12-12, 64.77
2007-12-13, 62.35
2007-12-14, 63.79
2007-12-17, 63.19
2007-12-18, 62.74
2007-12-19, 64.15
2007-12-20, 64.76
2007-12-21, 65.67
2007-12-24, 66.82
2007-12-25, 67.31
2007-12-26, 68.99
2007-12-27, 70.06
2007-12-28, 69.74
2008-01-02, 70.96
2008-01-03, 72.08
2008-01-04, 72.76
2008-01-07, 73.66
2008-01-08, 72.6
2008-01-09, 74.26
2008-01-10, 75.05
2008-01-11, 74.97
2008-01-14, 75.85
2008-01-15, 76.13
2008-01-16, 74.28
2008-01-17, 72.52
2008-01-18, 73.38
2008-01-21, 70.2
2008-01-22, 64.75
2008-01-23, 67.95
2008-01-24, 67.8
2008-01-25, 68.23
2008-01-28, 63.59
2008-01-29, 63.48
2008-01-30, 63.7
2008-01-31, 61.73
2008-02-01, 59.97
2008-02-04, 64.36
2008-02-05, 64.13
2008-02-13, 63.34
2008-02-14, 64.44
2008-02-15, 63.98
2008-02-18, 65.5
2008-02-19, 65.47
2008-02-20, 63.85
2008-02-21, 63.64
2008-02-22, 61.77
2008-02-25, 59.6
2008-02-26, 58.61
2008-02-27, 60.06
2008-02-28, 59.61
2008-02-29, 59.12
2008-03-03, 60.43
2008-03-04, 59.1
2008-03-05, 58.56
2008-03-06, 58.75
2008-03-07, 58.11
2008-03-10, 55.1
2008-03-11, 55.56
2008-03-12, 53.35
2008-03-13, 51.4
2008-03-14, 50.81
2008-03-17, 46.87
2008-03-18, 43.12
2008-03-19, 44.5
2008-03-20, 44.79
2008-03-21, 44.08
2008-03-24, 42.36
2008-03-25, 42.59
2008-03-26, 42.48
2008-03-27, 40.65
2008-03-28, 41.07
2008-03-31, 38.35
2008-04-01, 35.42
2008-04-02, 33.94
2008-04-03, 34.67
2008-04-07, 36.82
2008-04-08, 37.45
2008-04-09, 35.11
2008-04-10, 35.87
2008-04-11, 35.98
2008-04-14, 33.46
2008-04-15, 33.5
2008-04-16, 32.65
2008-04-17, 31.49
2008-04-18, 29.56
2008-04-21, 28.67
2008-04-22, 28.2
2008-04-23, 29.51
2008-04-24, 32.0
2008-04-25, 31.94
2008-04-28, 31.5
2008-04-29, 31.55
2008-04-30, 32.61
2008-05-05, 33.6
2008-05-06, 33.39
2008-05-07, 31.88
2008-05-08, 32.77
2008-05-09, 32.63
2008-05-12, 33.11
2008-05-13, 33.02
2008-05-14, 33.89
2008-05-15, 33.71
2008-05-16, 33.41
2008-05-19, 33.28
2008-05-20, 31.39
2008-05-21, 32.08
2008-05-22, 31.58
2008-05-23, 31.2
2008-05-26, 30.26
2008-05-27, 30.51
2008-05-28, 31.32
2008-05-29, 30.57
2008-05-30, 30.71
2008-06-02, 30.82
2008-06-03, 30.68
2008-06-04, 30.29
2008-06-05, 30.03
2008-06-06, 29.92
2008-06-10, 27.46
2008-06-11, 26.73
2008-06-12, 26.4
2008-06-13, 25.36
2008-06-16, 24.93
2008-06-17, 23.81
2008-06-18, 25.04
2008-06-19, 23.14
2008-06-20, 23.55
2008-06-23, 23.08
2008-06-24, 23.73
2008-06-25, 24.88
2008-06-26, 25.11
2008-06-27, 23.58
2008-06-30, 23.51
2008-07-01, 23.03
2008-07-02, 23.29
2008-07-03, 24.12
2008-07-04, 23.98
2008-07-07, 25.2
2008-07-08, 25.52
2008-07-09, 26.37
2008-07-10, 25.92
2008-07-11, 25.61
2008-07-14, 25.95
2008-07-15, 25.08
2008-07-16, 24.01
2008-07-17, 23.79
2008-07-18, 24.53
2008-07-21, 25.46
2008-07-22, 25.53
2008-07-23, 25.29
2008-07-24, 25.93
2008-07-25, 25.75
2008-07-28, 26.02
2008-07-29, 25.61
2008-07-30, 25.51
2008-07-31, 24.76
2008-08-01, 24.96
2008-08-04, 24.33
2008-08-05, 23.56
2008-08-06, 23.58
2008-08-07, 23.62
2008-08-08, 22.27
2008-08-11, 20.82
2008-08-12, 20.72
2008-08-13, 20.83
2008-08-14, 20.88
2008-08-15, 20.83
2008-08-18, 19.57
2008-08-19, 19.86
2008-08-20, 21.33
2008-08-21, 20.58
2008-08-22, 20.2
2008-08-25, 20.09
2008-08-26, 19.26
2008-08-27, 19.15
2008-08-28, 19.22
2008-08-29, 19.74
2008-09-01, 19.08
2008-09-02, 19.01
2008-09-03, 18.75
2008-09-04, 18.89
2008-09-05, 18.16
2008-09-08, 17.39
2008-09-09, 17.46
2008-09-10, 17.55
2008-09-11, 17.15
2008-09-12, 17.26
2008-09-16, 17.02
2008-09-17, 16.68
2008-09-18, 16.29
2008-09-19, 17.85
2008-09-22, 18.55
2008-09-23, 17.48
2008-09-24, 17.64
2008-09-25, 18.22
2008-09-26, 18.41
2008-10-06, 17.68
2008-10-07, 17.53
2008-10-08, 17.04
2008-10-09, 16.79
2008-10-10, 15.82
2008-10-13, 16.13
2008-10-14, 15.77
2008-10-15, 15.62
2008-10-16, 14.86
2008-10-17, 14.99
2008-10-20, 15.48
2008-10-21, 15.44
2008-10-22, 15.17
2008-10-23, 15.3
2008-10-24, 15.02
2008-10-27, 14.0
2008-10-28, 14.33
2008-10-29, 13.99
2008-10-30, 14.16
2008-10-31, 13.95
2008-11-03, 13.8
2008-11-04, 13.52
2008-11-05, 13.95
2008-11-06, 13.7
2008-11-07, 13.84
2008-11-10, 14.78
2008-11-11, 14.69
2008-11-12, 14.92
2008-11-13, 15.57
2008-11-14, 16.28
2008-11-17, 16.84
2008-11-18, 15.63
2008-11-19, 16.64
2008-11-20, 16.62
2008-11-21, 16.49
2008-11-24, 15.88
2008-11-25, 15.84
2008-11-26, 15.95
2008-11-27, 16.2
2008-11-28, 16.05
2008-12-01, 16.52
2008-12-02, 16.77
2008-12-03, 17.46
2008-12-04, 17.56
2008-12-05, 17.97
2008-12-08, 18.74
2008-12-09, 18.34
2008-12-10, 18.78
2008-12-11, 18.29
2008-12-12, 17.54
2008-12-15, 17.73
2008-12-16, 18.09
2008-12-17, 18.27
2008-12-18, 18.57
2008-12-19, 18.76
2008-12-22, 18.72
2008-12-23, 17.63
2008-12-24, 17.25
2008-12-25, 17.19
2008-12-26, 17.11
2008-12-29, 17.02
2008-12-30, 16.9
2008-12-31, 16.72
2009-01-05, 17.32
2009-01-06, 17.82
2009-01-07, 17.78
2009-01-08, 17.45
2009-01-09, 17.87
2009-01-12, 17.98
2009-01-13, 17.45
2009-01-14, 18.15
2009-01-15, 18.21
2009-01-16, 18.36
2009-01-19, 18.38
2009-01-20, 18.56
2009-01-21, 18.48
2009-01-22, 18.75
2009-01-23, 18.65
2009-02-02, 19.02
2009-02-03, 19.5
2009-02-04, 19.92
2009-02-05, 19.66
2009-02-06, 20.58
2009-02-09, 21.28
2009-02-10, 21.83
2009-02-11, 21.86
2009-02-12, 22.08
2009-02-13, 22.88
2009-02-16, 23.31
2009-02-17, 22.44
2009-02-18, 21.49
2009-02-19, 21.91
2009-02-20, 22.64
2009-02-23, 23.37
2009-02-24, 22.47
2009-02-25, 22.4
2009-02-26, 20.99
2009-02-27, 20.06
2009-03-02, 20.4
2009-03-03, 20.32
2009-03-04, 21.6
2009-03-05, 21.73
2009-03-06, 21.63
2009-03-09, 20.7
2009-03-10, 21.56
2009-03-11, 21.03
2009-03-12, 21.04
2009-03-13, 20.95
2009-03-16, 21.25
2009-03-17, 22.1
2009-03-18, 22.3
2009-03-19, 22.73
2009-03-20, 23.02
2009-03-23, 23.32
2009-03-24, 23.84
2009-03-25, 23.34
2009-03-26, 24.19
2009-03-27, 24.4
2009-03-30, 24.58
2009-03-31, 24.97
2009-04-01, 25.45
2009-04-02, 25.65
2009-04-03, 25.5
2009-04-07, 25.68
2009-04-08, 24.8
2009-06-22, 34.28
2009-06-23, 34.21
2009-06-24, 34.85
2009-06-25, 34.88
2009-06-26, 35.03
2009-06-29, 35.42
2009-06-30, 35.2
2009-07-01, 35.78
2009-07-02, 36.13
2009-07-03, 36.65
2009-07-06, 37.02
2009-07-06, 37.02
2009-07-07, 36.88
2009-07-08, 37.32
2009-07-09, 37.97
2009-07-10, 38.22
2009-07-13, 38.36
2009-07-14, 39.19
2009-07-15, 39.63
2009-07-16, 39.56
2009-07-17, 39.89
2009-07-20, 40.63
2009-07-20, 40.63
2009-07-21, 39.8
2009-07-22, 40.41
2009-07-22, 40.41
2009-07-23, 40.76
2009-07-24, 40.61
2009-07-24, 40.61
2009-07-27, 41.35
2009-07-28, 41.79
2009-07-29, 39.34
2009-07-30, 39.8
2009-07-31, 41.01
2009-08-03, 41.81
2009-08-04, 42.13
2009-08-05, 41.93
2009-08-06, 41.24
2009-08-07, 39.85
2009-08-10, 40.02
2009-08-11, 40.37
2009-08-12, 38.65
2009-08-13, 38.97
2009-08-14, 37.56
2009-08-17, 35.07
2009-08-18, 35.51
2009-08-19, 33.77
2009-08-20, 35.07
2009-08-21, 35.97
2009-08-24, 36.4
2009-08-25, 35.5
2009-08-26, 36.52
2009-08-27, 36.58
2009-08-28, 35.48
2009-08-31, 32.92
2009-09-01, 32.8
2009-09-02, 33.05
2009-09-03, 34.91
2009-09-04, 35.34
2009-09-07, 35.78
2009-09-08, 36.55
2009-09-09, 36.98
2009-09-10, 36.68
2009-09-11, 37.17
2009-09-14, 38.08
2009-09-15, 38.37
2009-09-16, 38.18
2009-09-17, 38.93
2009-09-18, 37.66
2009-09-21, 38.01
2009-09-22, 37.2
2009-09-23, 36.15
2009-09-24, 35.99
2009-09-25, 35.76
2009-09-28, 34.83
2009-09-29, 34.34
2009-09-30, 34.79
2009-10-09, 36.57
2009-10-12, 36.63
2009-10-13, 37.16
2009-10-14, 37.43
2009-10-15, 37.58
2009-10-16, 37.7
2009-10-19, 38.8
2009-10-20, 39.39
2009-10-21, 39.29
2009-10-22, 39.3
2009-10-23, 39.9
2009-10-26, 39.96
2009-10-27, 38.82
2009-10-28, 39.25
2009-10-29, 38.41
2009-10-30, 39.58
2009-11-02, 40.67
2009-11-03, 41.29
2009-11-04, 41.6
2009-11-05, 41.79
2009-11-06, 42.09
2009-11-09, 42.29
2009-11-10, 42.42
2009-11-11, 42.59
2009-11-12, 42.83
2009-11-13, 43.37
2009-11-16, 44.49
2009-11-17, 44.6
2009-11-18, 44.71
2009-11-19, 45.25
2009-11-20, 45.45
2009-11-23, 46.16
2009-11-24, 44.17
2009-11-25, 45.69
2009-11-26, 44.07
2009-11-27, 42.93
2009-11-30, 44.8
2009-12-01, 45.82
2009-12-02, 46.4
2009-12-03, 46.73
2009-12-04, 46.0
2009-12-04, 46.0
2009-12-07, 46.67
2009-12-08, 46.54
2009-12-09, 45.97
2009-12-10, 46.32
2009-12-11, 46.35
2009-12-14, 46.36
2009-12-15, 46.2
2009-12-16, 45.72
2009-12-17, 44.46
2009-12-18, 42.96
2009-12-21, 43.44
2009-12-22, 42.28
2009-12-23, 43.01
2009-12-24, 44.48
2009-12-25, 44.7
2009-12-28, 45.39
2009-12-29, 45.6
2009-12-30, 45.71
2009-12-31, 46.01
2010-01-04, 45.91
2010-01-05, 46.14
2010-01-06, 46.09
2010-01-07, 45.19
2010-01-08, 45.54
2010-01-11, 45.61
2010-01-12, 46.59
2010-01-13, 45.9
2010-01-14, 46.87
2010-01-15, 47.16
2010-01-18, 47.28
2010-01-19, 47.11
2010-01-20, 45.42
2010-01-21, 45.5
2010-01-22, 44.26
2010-01-25, 44.1
2010-01-26, 42.77
2010-01-27, 42.42
2010-01-28, 42.82
2010-01-29, 43.08
2010-02-01, 42.34
2010-02-02, 41.98
2010-02-03, 42.85
2010-02-04, 42.98
2010-02-05, 42.15
2010-02-08, 42.15
2010-02-09, 42.06
2010-02-10, 42.75
2010-02-11, 42.73
2010-02-12, 43.1
2010-02-22, 43.05
2010-02-23, 42.97
2010-02-24, 43.99
2010-02-25, 44.67
2010-02-26, 44.44
2010-03-01, 44.67
2010-03-02, 43.99
2010-03-03, 44.4
2010-03-04, 42.82
2010-03-05, 42.34
2010-03-08, 42.52
2010-03-09, 41.92
2010-03-10, 41.06
2010-03-11, 41.01
2010-03-12, 39.19
2010-03-15, 38.65
2010-03-16, 38.48
2010-03-17, 39.75
2010-03-18, 39.93
2010-03-19, 39.64
2010-03-22, 39.64
2010-03-23, 39.65
2010-03-24, 39.69
2010-03-25, 39.17
2010-03-26, 39.11
2010-03-29, 39.41
2010-03-30, 39.5
2010-03-31, 39.81
2010-04-01, 40.4
2010-04-02, 40.63
2010-04-06, 40.45
2010-04-07, 40.55
2010-04-08, 40.04
2010-04-09, 40.55
2010-04-12, 40.86
2010-04-13, 40.51
2010-04-14, 40.75
2010-04-15, 39.77
2010-04-16, 39.41
2010-04-19, 37.68
2010-04-20, 38.55
2010-04-21, 39.9
2010-04-22, 39.54
2010-04-23, 39.28
2010-04-26, 39.21
2010-04-27, 37.74
2010-04-28, 37.31
2010-04-29, 36.33
2010-04-30, 35.71
2010-05-04, 35.45
2010-05-05, 36.25
2010-05-06, 35.19
2010-05-07, 34.41
2010-05-10, 33.89
2010-05-11, 33.04
2010-05-12, 32.61
2010-05-13, 33.47
2010-05-14, 33.53
2010-05-17, 31.53
2010-05-18, 32.11
2010-05-19, 32.26
2010-05-20, 31.86
2010-05-21, 32.7
2010-05-24, 34.12
2010-05-25, 33.77
2010-05-26, 33.77
2010-05-27, 34.46
2010-05-28, 34.67
2010-05-31, 33.72
2010-06-01, 33.19
2010-06-02, 33.68
2010-06-03, 33.51
2010-06-04, 33.8
2010-06-07, 33.77
2010-06-08, 34.06
2010-06-09, 34.9
2010-06-10, 35.08
2010-06-11, 35.01
2010-06-17, 34.41
2010-06-18, 33.17
2010-06-21, 34.15
2010-06-22, 34.34
2010-06-23, 34.31
2010-06-24, 34.39
2010-06-25, 33.79
2010-06-28, 33.27
2010-06-29, 31.44
2010-06-30, 31.05
2010-07-01, 30.58
2010-07-02, 30.38
2010-07-05, 30.24
2010-07-06, 31.05
2010-07-07, 31.47
2010-07-08, 31.43
2010-07-09, 32.36
2010-07-12, 32.67
2010-07-13, 32.24
2010-07-14, 32.38
2010-07-15, 31.7
2010-07-16, 31.93
2010-07-19, 32.71
2010-07-20, 33.63
2010-07-21, 33.66
2010-07-22, 34.16
2010-07-23, 34.27
2010-07-26, 34.66
2010-07-27, 34.62
2010-07-28, 35.39
2010-07-29, 35.56
2010-07-30, 35.51
2010-08-02, 36.23
2010-08-03, 35.69
2010-08-04, 35.95
2010-08-05, 35.92
2010-08-06, 36.67
2010-08-09, 37.17
2010-08-10, 36.01
2010-08-11, 36.36
2010-08-12, 35.98
2010-08-13, 36.63
2010-08-16, 37.47
2010-08-17, 37.8
2010-08-18, 37.87
2010-08-19, 37.98
2010-08-20, 37.22
2010-08-23, 37.35
2010-08-24, 37.81
2010-08-25, 37.03
2010-08-26, 37.27
2010-08-27, 37.68
2010-08-30, 38.71
2010-08-31, 39.09
2010-09-01, 38.57
2010-09-02, 39.35
2010-09-03, 39.57
2010-09-06, 39.55
2010-09-07, 39.82
2010-09-08, 40.22
2010-09-09, 39.66
2010-09-10, 39.97
2010-09-13, 40.58
2010-09-14, 40.62
2010-09-15, 39.8
2010-09-16, 38.95
2010-09-17, 39.02
2010-09-20, 38.56
2010-09-21, 38.58
2010-09-27, 39.44
2010-09-28, 39.27
2010-09-29, 38.83
2010-09-30, 39.51
2010-10-08, 40.69
2010-10-11, 41.05
2010-10-12, 41.34
2010-10-13, 41.73
2010-10-14, 40.95
2010-10-15, 41.19
2010-10-18, 40.64
2010-10-19, 41.88
2010-10-20, 42.18
2010-10-21, 42.47
2010-10-22, 42.95
2010-10-25, 44.29
2010-10-26, 44.4
2010-10-27, 43.95
2010-10-28, 44.08
2010-10-29, 44.47
2010-11-01, 45.77
2010-11-02, 45.39
2010-11-03, 44.56
2010-11-04, 45.46
2010-11-05, 46.06
2010-11-08, 46.91
2010-11-09, 47.06
2010-11-10, 47.37
2010-11-11, 47.11
2010-11-12, 44.3
2010-11-15, 45.39
2010-11-16, 43.82
2010-11-17, 42.38
2010-11-18, 43.16
2010-11-19, 44.45
2010-11-22, 44.99
2010-11-23, 44.6
2010-11-24, 45.75
2010-11-25, 45.91
2010-11-26, 45.75
2010-11-29, 45.97
2010-11-30, 44.88
2010-12-01, 44.77
2010-12-02, 44.99
2010-12-03, 44.73
2010-12-06, 44.2
2010-12-07, 45.0
2010-12-08, 44.85
2010-12-09, 44.05
2010-12-10, 44.68
2010-12-13, 46.14
2010-12-14, 46.57
2010-12-15, 46.43
2010-12-16, 46.48
2010-12-17, 46.58
2010-12-20, 45.99
2010-12-21, 46.58
2010-12-22, 46.22
2010-12-23, 45.42
2010-12-24, 44.66
2010-12-27, 43.56
2010-12-28, 42.75
2010-12-29, 43.42
2010-12-30, 43.63
2010-12-31, 44.69
2011-01-04, 45.41
2011-01-05, 45.36
2011-01-06, 45.04
2011-01-07, 44.79
2011-01-10, 43.64
2011-01-11, 43.4
2011-01-12, 43.59
2011-01-13, 43.64
2011-01-14, 42.8
2011-01-17, 40.97
2011-01-18, 41.09
2011-01-19, 42.07
2011-01-20, 40.54
2011-01-21, 40.78
2011-01-24, 39.67
2011-01-25, 39.24
2011-01-26, 39.85
2011-01-27, 40.51
2011-01-28, 40.88
2011-01-31, 41.16
2011-02-01, 41.21
2011-02-09, 40.78
2011-02-10, 41.98
2011-02-11, 42.47
2011-02-14, 43.43
2011-02-15, 43.43
2011-02-16, 44.14
2011-02-17, 44.23
2011-02-18, 43.82
2011-02-21, 44.6
2011-02-22, 43.47
2011-02-23, 43.79
2011-02-24, 43.98
2011-02-25, 43.55
2011-02-28, 43.72
2011-03-01, 43.58
2011-03-02, 43.28
2011-03-03, 42.53
2011-03-04, 42.89
2011-03-07, 43.12
2011-03-08, 42.68
2011-03-09, 42.78
2011-03-10, 42.29
2011-03-11, 42.22
2011-03-14, 42.59
2011-03-15, 41.85
2011-03-16, 42.03
2011-03-17, 40.99
2011-03-18, 40.73
2011-03-21, 40.28
2011-03-22, 39.81
2011-03-23, 39.79
2011-03-24, 39.5
2011-03-25, 39.6
2011-03-28, 38.55
2011-03-29, 37.31
2011-03-30, 36.35
2011-03-31, 35.26
2011-04-01, 35.63
2011-04-06, 35.41
2011-04-07, 35.44
2011-04-08, 35.49
2011-04-11, 35.04
2011-04-12, 34.85
2011-04-13, 35.22
2011-04-14, 35.12
2011-04-15, 35.0
2011-04-18, 34.88
2011-04-19, 34.43
2011-04-20, 34.47
2011-04-21, 34.63
2011-04-22, 34.39
2011-04-25, 33.77
2011-04-26, 33.03
2011-04-27, 32.11
2011-04-28, 31.17
2011-04-29, 31.45
2011-05-03, 31.76
2011-05-04, 31.06
2011-05-05, 31.15
2011-05-06, 31.27
2011-05-09, 31.47
2011-05-10, 31.66
2011-05-11, 31.72
2011-05-12, 31.26
2011-05-13, 31.43
2011-05-16, 31.36
2011-05-17, 31.33
2011-05-18, 31.47
2011-05-19, 31.33
2011-05-20, 31.21
2011-05-23, 30.09
2011-05-24, 30.13
2011-05-25, 29.7
2011-05-26, 29.41
2011-05-27, 28.84
2011-05-30, 28.57
2011-05-31, 29.14
2011-06-01, 29.41
2011-06-02, 28.99
2011-06-03, 29.47
2011-06-07, 29.69
2011-06-08, 29.68
2011-06-09, 29.06
2011-06-10, 29.06
2011-06-13, 29.0
2011-06-14, 29.46
2011-06-15, 29.19
2011-06-16, 28.64
2011-06-17, 28.32
2011-06-20, 28.02
2011-06-21, 28.43
2011-06-22, 28.43
2011-06-23, 29.04
2011-06-24, 29.7
2011-06-27, 30.02
2011-06-28, 30.11
2011-06-29, 29.79
2011-06-30, 30.14
2011-07-01, 30.32
2011-07-04, 31.04
2011-07-05, 31.24
2011-07-06, 31.39
2011-07-07, 31.46
2011-07-08, 31.43
2011-07-11, 31.64
2011-07-12, 31.18
2011-07-13, 31.77
2011-07-14, 32.02
2011-07-15, 32.18
2011-07-18, 32.18
2011-07-19, 31.78
2011-07-20, 31.85
2011-07-21, 31.5
2011-07-22, 31.64
2011-07-25, 30.47
2011-07-26, 30.61
2011-07-27, 31.13
2011-07-28, 31.13
2011-07-29, 30.87
2011-08-01, 31.02
2011-08-02, 30.91
2011-08-03, 31.08
2011-08-04, 31.14
2011-08-05, 30.45
2011-08-08, 29.11
2011-08-09, 29.09
2011-08-10, 29.5
2011-08-11, 30.03
2011-08-12, 30.32
2011-08-15, 30.77
2011-08-16, 30.54
2011-08-17, 30.46
2011-08-18, 29.92
2011-08-19, 29.71
2011-08-22, 29.46
2011-08-23, 29.95
2011-08-24, 29.97
2011-08-25, 30.55
2011-08-26, 30.74
2011-08-29, 30.46
2011-08-30, 30.19
2011-08-31, 30.07
2011-09-01, 29.89
2011-09-02, 29.57
2011-09-05, 28.85
2011-09-06, 28.54
2011-09-07, 29.23
2011-09-08, 28.94
2011-09-09, 28.78
2011-09-13, 28.33
2011-09-14, 28.6
2011-09-15, 28.66
2011-09-16, 28.68
2011-09-19, 28.08
2011-09-20, 28.2
2011-09-21, 29.01
2011-09-22, 28.18
2011-09-23, 27.91
2011-09-26, 27.46
2011-09-27, 27.59
2011-09-28, 27.18
2011-09-29, 26.5
2011-09-30, 26.46
2011-10-10, 26.28
2011-10-11, 26.13
2011-10-12, 27.06
2011-10-13, 27.4
2011-10-14, 27.28
2011-10-17, 27.43
2011-10-18, 26.64
2011-10-19, 26.47
2011-10-20, 25.69
2011-10-21, 25.28
2011-10-24, 25.75
2011-10-25, 26.44
2011-10-26, 26.71
2011-10-27, 26.72
2011-10-28, 27.33
2011-10-31, 27.47
2011-11-01, 27.49
2011-11-02, 28.01
2011-11-03, 28.13
2011-11-04, 28.27
2011-11-07, 28.11
2011-11-08, 27.83
2011-11-09, 28.28
2011-11-10, 27.96
2011-11-11, 27.92
2011-11-14, 28.62
2011-11-15, 28.72
2011-11-16, 27.98
2011-11-17, 28.02
2011-11-18, 27.25
2011-11-21, 27.25
2011-11-22, 27.25
2011-11-23, 27.15
2011-11-24, 27.16
2011-11-25, 26.99
2011-11-28, 27.01
2011-11-29, 27.41
2011-11-30, 26.3
2011-12-01, 26.84
2011-12-02, 26.38
2011-12-05, 25.59
2011-12-06, 25.65
2011-12-07, 25.74
2011-12-08, 25.78
2011-12-09, 25.53
2011-12-12, 25.22
2011-12-13, 24.47
2011-12-14, 24.08
2011-12-15, 23.55
2011-12-16, 24.2
2011-12-19, 24.27
2011-12-20, 24.18
2011-12-21, 23.63
2011-12-22, 23.43
2011-12-23, 23.58
2011-12-26, 23.36
2011-12-27, 22.76
2011-12-28, 22.65
2011-12-29, 22.69
2011-12-30, 23.11
2012-01-04, 22.49
2012-01-05, 21.68
2012-01-06, 21.78
2012-01-09, 22.59
2012-01-10, 23.46
2012-01-11, 23.45
2012-01-12, 23.34
2012-01-13, 22.51
2012-01-16, 21.77
2012-01-17, 22.89
2012-01-18, 22.26
2012-01-19, 22.53
2012-01-20, 22.92
2012-01-30, 22.76
2012-01-31, 22.77
2012-02-01, 22.62
2012-02-02, 23.05
2012-02-03, 23.38
2012-02-06, 23.56
2012-02-07, 23.15
2012-02-08, 23.79
2012-02-09, 23.93
2012-02-10, 24.05
2012-02-13, 24.26
2012-02-14, 24.24
2012-02-15, 24.6
2012-02-16, 24.54
2012-02-17, 24.45
2012-02-20, 24.56
2012-02-21, 24.84
2012-02-22, 25.38
2012-02-23, 25.5
2012-02-24, 25.85
2012-02-27, 25.94
2012-02-28, 25.63
2012-02-29, 25.33
2012-03-01, 25.39
2012-03-02, 25.98
2012-03-05, 25.97
2012-03-06, 25.69
2012-03-07, 25.57
2012-03-08, 25.91
2012-03-09, 25.84
2012-03-12, 25.81
2012-03-13, 25.82
2012-03-14, 24.77
2012-03-15, 24.42
2012-03-16, 24.74
2012-03-19, 24.93
2012-03-20, 24.27
2012-03-21, 24.28
2012-03-22, 24.24
2012-03-23, 23.7
2012-03-26, 23.95
2012-03-27, 23.79
2012-03-28, 22.75
2012-03-29, 22.23
2012-03-30, 22.22
2012-04-05, 22.86
2012-04-06, 23.03
2012-04-09, 22.73
2012-04-10, 22.88
2012-04-11, 22.94
2012-04-12, 23.38
2012-04-13, 23.5
2012-04-16, 23.47
2012-04-17, 23.22
2012-04-18, 23.69
2012-04-19, 23.63
2012-04-20, 23.75
2012-04-23, 23.19
2012-04-24, 22.89
2012-04-25, 22.95
2012-04-26, 22.84
2012-04-27, 22.77
2012-05-02, 23.16
2012-05-03, 23.35
2012-05-04, 23.59
2012-05-07, 23.82
2012-05-08, 23.79
2012-05-09, 23.38
2012-05-10, 23.47
2012-05-11, 23.32
2012-05-14, 23.22
2012-05-15, 23.21
2012-05-16, 22.89
2012-05-17, 23.2
2012-05-18, 22.86
2012-05-21, 22.88
2012-05-22, 23.22
2012-05-23, 23.21
2012-05-24, 22.99
2012-05-25, 22.73
2012-05-28, 23.05
2012-05-29, 23.4
2012-05-30, 23.45
2012-05-31, 23.53
2012-06-01, 23.52
2012-06-04, 22.85
2012-06-05, 22.8
2012-06-06, 22.76
2012-06-07, 22.67
2012-06-08, 22.61
2012-06-11, 23.03
2012-06-12, 22.94
2012-06-13, 23.36
2012-06-14, 23.25
2012-06-15, 23.26
2012-06-18, 23.52
2012-06-19, 23.37
2012-06-20, 23.33
2012-06-21, 23.02
2012-06-25, 22.45
2012-06-26, 22.42
2012-06-27, 22.44
2012-06-28, 22.23
2012-06-29, 22.56
2012-07-02, 22.84
2012-07-03, 22.93
2012-07-04, 22.82
2012-07-05, 22.41
2012-07-06, 22.92
2012-07-09, 22.43
2012-07-10, 22.23
2012-07-11, 22.42
2012-07-12, 22.8
2012-07-13, 22.66
2012-07-16, 21.84
2012-07-17, 21.94
2012-07-18, 22.01
2012-07-19, 22.19
2012-07-20, 22.0
2012-07-23, 21.78
2012-07-24, 21.96
2012-07-25, 21.81
2012-07-26, 21.65
2012-07-27, 21.54
2012-07-30, 21.19
2012-07-31, 20.96
2012-08-01, 21.28
2012-08-02, 21.09
2012-08-03, 21.51
2012-08-06, 21.99
2012-08-07, 22.16
2012-08-08, 22.1
2012-08-09, 22.45
2012-08-10, 22.35
2012-08-13, 21.89
2012-08-14, 22.04
2012-08-15, 21.87
2012-08-16, 21.7
2012-08-17, 21.63
2012-08-20, 21.69
2012-08-21, 21.99
2012-08-22, 21.83
2012-08-23, 21.93
2012-08-24, 21.49
2012-08-27, 21.02
2012-08-28, 21.11
2012-08-29, 20.99
2012-08-30, 20.61
2012-08-31, 20.68
2012-09-03, 21.09
2012-09-04, 20.9
2012-09-05, 21.01
2012-09-06, 21.22
2012-09-07, 22.02
2012-09-10, 22.22
2012-09-11, 22.16
2012-09-12, 22.27
2012-09-13, 21.95
2012-09-14, 21.98
2012-09-17, 21.35
2012-09-18, 21.24
2012-09-19, 21.39
2012-09-20, 20.76
2012-09-21, 20.61
2012-09-24, 20.77
2012-09-25, 20.65
2012-09-26, 20.18
2012-09-27, 20.71
2012-09-28, 21.12
2012-10-08, 21.01
2012-10-09, 21.57
2012-10-10, 21.77
2012-10-11, 21.45
2012-10-12, 21.41
2012-10-15, 21.25
2012-10-16, 21.32
2012-10-17, 21.36
2012-10-18, 21.73
2012-10-19, 21.74
2012-10-22, 21.86
2012-10-23, 21.56
2012-10-24, 21.46
2012-10-25, 21.25
2012-10-26, 20.82
2012-10-29, 20.8
2012-10-30, 20.84
2012-10-31, 20.93
2012-11-01, 21.32
2012-11-02, 21.38
2012-11-05, 21.27
2012-11-06, 21.14
2012-11-07, 21.1
2012-11-08, 20.61
2012-11-09, 20.53
2012-11-12, 20.62
2012-11-13, 20.22
2012-11-14, 20.28
2012-11-15, 19.97
2012-11-16, 19.84
2012-11-19, 19.85
2012-11-20, 19.82
2012-11-21, 20.03
2012-11-22, 19.79
2012-11-23, 19.85
2012-11-26, 19.56
2012-11-27, 18.97
2012-11-28, 18.61
2012-11-29, 18.43
2012-11-30, 18.66
2012-12-03, 18.2
2012-12-04, 18.44
2012-12-05, 19.14
2012-12-06, 19.09
2012-12-07, 19.5
2012-12-10, 19.8
2012-12-11, 19.68
2012-12-12, 19.68
2012-12-13, 19.45
2012-12-14, 20.35
2012-12-17, 20.43
2012-12-18, 20.36
2012-12-19, 20.51
2012-12-20, 20.62
2012-12-21, 20.68
2012-12-24, 20.84
2012-12-25, 21.35
2012-12-26, 21.71
2012-12-27, 21.54
2012-12-28, 21.81
2012-12-31, 22.02
2013-01-04, 21.89
2013-01-07, 22.08
2013-01-08, 22.32
2013-01-09, 22.39
2013-01-10, 22.5
2013-01-11, 22.11
2013-01-14, 22.92
2013-01-15, 23.28
2013-01-16, 23.2
2013-01-17, 23.01
2013-01-18, 23.36
2013-01-21, 23.54
2013-01-22, 23.19
2013-01-23, 23.23
2013-01-24, 22.76
2013-01-25, 22.8
2013-01-28, 23.38
2013-01-29, 23.6
2013-01-30, 23.63
2013-01-31, 23.47
2013-02-01, 23.68
2013-02-04, 23.46
2013-02-05, 23.7
2013-02-06, 23.82
2013-02-07, 23.95
2013-02-08, 24.31
2013-02-18, 24.32
2013-02-19, 23.87
2013-02-20, 24.33
2013-02-21, 23.85
2013-02-22, 23.79
2013-02-25, 24.0
2013-02-26, 23.7
2013-02-27, 23.8
2013-02-28, 24.16
2013-03-01, 24.44
2013-03-04, 23.57
2013-03-05, 24.12
2013-03-06, 24.49
2013-03-07, 24.22
2013-03-08, 23.89
2013-03-11, 23.89
2013-03-12, 23.26
2013-03-13, 23.05
2013-03-14, 23.13
2013-03-15, 23.18
2013-03-18, 22.94
2013-03-19, 22.93
2013-03-20, 23.54
2013-03-21, 23.75
2013-03-22, 24.03
2013-03-25, 24.19
2013-03-26, 24.21
2013-03-27, 24.32
2013-03-28, 23.78
2013-03-29, 23.9
2013-04-01, 24.17
2013-04-02, 23.64
2013-04-03, 23.41
2013-04-08, 23.55
2013-04-09, 23.61
2013-04-10, 23.53
2013-04-11, 23.46
2013-04-12, 23.6
2013-04-15, 23.25
2013-04-16, 23.55
2013-04-17, 23.8
2013-04-18, 23.85
2013-04-19, 24.52
2013-04-22, 24.71
2013-04-23, 24.13
2013-04-24, 24.71
2013-04-25, 24.21
2013-04-26, 23.91
2013-05-02, 24.15
2013-05-03, 24.62
2013-05-06, 25.08
2013-05-07, 25.1
2013-05-08, 25.37
2013-05-09, 25.43
2013-05-10, 25.53
2013-05-13, 25.6
2013-05-14, 25.24
2013-05-15, 25.64
2013-05-16, 25.91
2013-05-17, 26.36
2013-05-20, 26.74
2013-05-21, 27.13
2013-05-22, 26.87
2013-05-23, 26.69
2013-05-24, 27.07
2013-05-27, 27.28
2013-05-28, 27.26
2013-05-29, 27.42
2013-05-30, 27.44
2013-05-31, 27.23
2013-06-03, 27.0
2013-06-04, 26.46
2013-06-05, 26.6
2013-06-06, 26.23
2013-06-07, 25.79
2013-06-13, 25.06
2013-06-14, 25.6
2013-06-17, 25.64
2013-06-18, 25.68
2013-06-19, 25.55
2013-06-20, 24.68
2013-06-21, 24.6
2013-06-24, 23.09
2013-06-25, 23.03
2013-06-26, 23.6
2013-06-27, 23.22
2013-06-28, 23.25
2013-07-01, 23.75
2013-07-02, 24.16
2013-07-03, 24.17
2013-07-04, 24.3
2013-07-05, 24.14
2013-07-08, 23.27
2013-07-09, 23.36
2013-07-10, 24.02
2013-07-11, 24.71
2013-07-12, 24.58
2013-07-15, 25.14
2013-07-16, 25.4
2013-07-17, 25.0
2013-07-18, 24.92
2013-07-19, 24.35
2013-07-22, 24.79
2013-07-23, 25.46
2013-07-24, 25.63
2013-07-25, 25.12
2013-07-26, 25.07
2013-07-29, 24.58
2013-07-30, 24.52
2013-07-31, 24.62
2013-08-01, 25.38
2013-08-02, 25.48
2013-08-05, 25.9
2013-08-06, 26.18
2013-08-07, 25.87
2013-08-08, 25.97
2013-08-09, 26.01
2013-08-12, 26.34
2013-08-13, 26.49
2013-08-14, 26.44
2013-08-15, 26.12
2013-08-16, 25.59
2013-08-19, 26.07
2013-08-20, 26.06
2013-08-21, 26.19
2013-08-22, 26.26
2013-08-23, 26.22
2013-08-26, 26.71
2013-08-27, 26.86
2013-08-28, 26.51
2013-08-29, 26.46
2013-08-30, 25.99
2013-09-02, 26.28
2013-09-03, 26.7
2013-09-04, 26.68
2013-09-05, 26.74
2013-09-06, 26.88
2013-09-09, 27.14
2013-09-10, 27.26
2013-09-11, 26.99
2013-09-12, 27.0
2013-09-13, 27.19
2013-09-16, 27.29
2013-09-17, 26.9
2013-09-18, 27.01
2013-09-23, 27.62
2013-09-24, 27.62
2013-09-25, 27.47
2013-09-26, 27.09
2013-09-27, 27.19
2013-09-30, 27.52
2013-10-08, 27.97
2013-10-09, 28.24
2013-10-10, 28.03
2013-10-11, 28.29
2013-10-14, 28.55
2013-10-15, 28.49
2013-10-16, 27.74
2013-10-17, 27.74
2013-10-18, 27.95
2013-10-21, 28.67
2013-10-22, 28.32
2013-10-23, 27.73
2013-10-24, 27.56
2013-10-25, 27.09
2013-10-28, 27.04
2013-10-29, 26.55
2013-10-30, 26.97
2013-10-31, 26.6
2013-11-01, 26.5
2013-11-04, 26.61
2013-11-05, 26.95
2013-11-06, 26.67
2013-11-07, 26.34
2013-11-08, 26.01
2013-11-11, 26.19
2013-11-12, 26.44
2013-11-13, 25.98
2013-11-14, 26.37
2013-11-15, 26.87
2013-11-18, 27.45
2013-11-19, 27.5
2013-11-20, 27.67
2013-11-21, 27.52
2013-11-22, 27.45
2013-11-25, 27.45
2013-11-26, 27.52
2013-11-27, 27.9
2013-11-28, 28.18
2013-11-29, 28.44
2013-12-02, 27.04
2013-12-03, 27.5
2013-12-04, 27.78
2013-12-05, 27.63
2013-12-06, 27.58
2013-12-09, 27.88
2013-12-10, 27.88
2013-12-11, 27.64
2013-12-12, 27.84
2013-12-13, 27.95
2013-12-16, 27.62
2013-12-17, 27.43
2013-12-18, 27.42
2013-12-19, 27.24
2013-12-20, 26.88
2013-12-23, 26.88
2013-12-24, 27.13
2013-12-25, 27.55
2013-12-26, 27.08
2013-12-27, 27.56
2013-12-30, 27.67
2013-12-31, 27.76
2014-01-02, 28.02
2014-01-03, 27.94
2014-01-06, 27.23
2014-01-07, 27.4
2014-01-08, 27.65
2014-01-09, 27.3
2014-01-10, 26.87
2014-01-13, 26.82
2014-01-14, 27.37
2014-01-15, 27.57
2014-01-16, 27.53
2014-01-17, 27.26
2014-01-20, 27.02
2014-01-21, 27.47
2014-01-22, 28.1
2014-01-23, 28.35
2014-01-24, 28.67
2014-01-27, 28.5
2014-01-28, 28.38
2014-01-29, 28.66
2014-01-30, 28.43
2014-02-07, 28.89
2014-02-10, 29.68
2014-02-11, 29.68
2014-02-12, 30.01
2014-02-13, 29.51
2014-02-14, 30.02
2014-02-17, 30.61
2014-02-18, 30.49
2014-02-19, 30.55
2014-02-20, 30.1
2014-02-21, 30.0
2014-02-24, 29.98
2014-02-25, 28.57
2014-02-26, 28.71
2014-02-27, 28.2
2014-02-28, 28.58
2014-03-03, 29.06
2014-03-04, 28.97
2014-03-05, 28.86
2014-03-06, 28.91
2014-03-07, 28.19
2014-03-10, 27.22
2014-03-11, 27.28
2014-03-12, 27.05
2014-03-13, 27.4
2014-03-14, 27.25
2014-03-17, 27.47
2014-03-18, 27.24
2014-03-19, 27.11
2014-03-20, 26.33
2014-03-21, 26.67
2014-03-24, 26.66
2014-03-25, 26.47
2014-03-26, 26.55
2014-03-27, 26.04
2014-03-28, 25.28
2014-03-31, 25.21
2014-04-01, 25.65
2014-04-02, 25.56
2014-04-03, 25.58
2014-04-04, 25.84
2014-04-08, 26.27
2014-04-09, 26.47
2014-04-10, 26.51
2014-04-11, 26.33
2014-04-14, 26.55
2014-04-15, 26.31
2014-04-16, 26.38
2014-04-17, 26.27
2014-04-18, 26.48
2014-04-21, 26.13
2014-04-22, 25.58
2014-04-23, 25.69
2014-04-24, 25.41
2014-04-25, 24.44
2014-04-28, 23.55
2014-04-29, 23.86
2014-04-30, 24.02
2014-05-05, 24.24
2014-05-06, 24.41
2014-05-07, 24.02
2014-05-08, 23.96
2014-05-09, 23.76
2014-05-12, 24.31
2014-05-13, 24.28
2014-05-14, 24.32
2014-05-15, 23.89
2014-05-16, 23.81
2014-05-19, 23.68
2014-05-20, 23.77
2014-05-21, 24.0
2014-05-22, 24.01
2014-05-23, 24.29
2014-05-26, 24.58
2014-05-27, 24.48
2014-05-28, 24.82
2014-05-29, 24.62
2014-05-30, 24.69
2014-06-03, 24.67
2014-06-04, 24.47
2014-06-05, 24.79
2014-06-06, 24.72
2014-06-09, 24.57
2014-06-10, 24.9
2014-06-11, 25.02
2014-06-12, 24.95
2014-06-13, 25.27
2014-06-16, 25.45
2014-06-17, 25.19
2014-06-18, 25.02
2014-06-19, 24.45
2014-06-20, 24.68
2014-06-23, 24.94
2014-06-24, 25.11
2014-06-25, 25.0
2014-06-26, 25.38
2014-06-27, 25.54
2014-06-30, 25.77
2014-07-01, 25.88
2014-07-02, 26.01
2014-07-03, 26.18
2014-07-04, 26.17
2014-07-07, 26.13
2014-07-08, 26.34
2014-07-09, 25.91
2014-07-10, 25.87
2014-07-11, 26.03
2014-07-14, 26.37
2014-07-15, 26.25
2014-07-16, 25.97
2014-07-17, 25.83
2014-07-18, 25.88
2014-07-21, 25.86
2014-07-22, 26.2
2014-07-23, 25.91
2014-07-24, 25.88
2014-07-25, 26.12
2014-07-28, 26.66
2014-07-29, 26.94
2014-07-30, 27.04
2014-07-31, 27.26
2014-08-01, 26.98
2014-08-04, 27.35
2014-08-05, 27.55
2014-08-06, 27.68
2014-08-07, 27.42
2014-08-08, 27.61
2014-08-11, 28.02
2014-08-12, 28.09
2014-08-13, 28.08
2014-08-14, 27.92
2014-08-15, 28.24
2014-08-18, 28.65
2014-08-19, 28.75
2014-08-20, 28.73
2014-08-21, 28.77
2014-08-22, 28.95
2014-08-25, 28.73
2014-08-26, 28.25
2014-08-27, 28.4
2014-08-28, 28.15
2014-08-29, 28.47
2014-09-01, 28.95
2014-09-02, 29.34
2014-09-03, 29.58
2014-09-04, 29.83
2014-09-05, 29.96
2014-09-09, 30.1
2014-09-10, 30.23
2014-09-11, 30.19
2014-09-12, 30.45
2014-09-15, 30.66
2014-09-16, 29.71
2014-09-17, 29.93
2014-09-18, 30.11
2014-09-19, 30.39
2014-09-22, 30.02
2014-09-23, 30.4
2014-09-24, 30.84
2014-09-25, 30.84
2014-09-26, 30.92
2014-09-29, 31.22
2014-09-30, 31.5
2014-10-08, 31.94
2014-10-09, 32.02
2014-10-10, 31.89
2014-10-13, 31.87
2014-10-14, 31.79
2014-10-15, 31.94
2014-10-16, 31.54
2014-10-17, 31.34
2014-10-20, 31.75
2014-10-21, 31.52
2014-10-22, 31.17
2014-10-23, 30.71
2014-10-24, 30.72
2014-10-27, 30.85
2014-10-28, 31.58
2014-10-29, 31.97
2014-10-30, 31.96
2014-10-31, 31.99
2014-11-03, 32.24
2014-11-04, 32.07
2014-11-05, 32.06
2014-11-06, 32.35
2014-11-07, 32.15
2014-11-10, 32.43
2014-11-11, 31.5
2014-11-12, 31.98
2014-11-13, 31.51
2014-11-14, 31.44
2014-11-17, 31.76
2014-11-18, 31.81
2014-11-19, 32.03
2014-11-20, 31.96
2014-11-21, 32.34
2014-11-24, 32.78
2014-11-25, 33.24
2014-11-26, 33.44
2014-11-27, 33.71
2014-11-28, 33.81
2014-12-01, 33.63
2014-12-02, 34.15
2014-12-03, 34.62
2014-12-04, 35.33
2014-12-05, 34.69
2014-12-08, 35.01
2014-12-09, 33.52
2014-12-10, 34.72
2014-12-11, 35.02
2014-12-12, 35.37
2014-12-15, 35.87
2014-12-16, 35.94
2014-12-17, 35.71
2014-12-18, 35.49
2014-12-19, 35.06
2014-12-22, 33.8
2014-12-23, 33.36
2014-12-24, 33.63
2014-12-25, 34.15
2014-12-26, 34.53
2014-12-29, 34.06
2014-12-30, 33.6
2014-12-31, 34.05
2015-01-05, 34.6
2015-01-06, 35.22
2015-01-07, 35.15
2015-01-08, 35.04
2015-01-09, 34.88
2015-01-12, 34.68
2015-01-13, 35.2
2015-01-14, 35.06
2015-01-15, 35.4
2015-01-16, 35.86
2015-01-19, 34.62
2015-01-20, 35.8
2015-01-21, 36.64
2015-01-22, 37.05
2015-01-23, 36.67
2015-01-26, 37.58
2015-01-27, 37.62
2015-01-28, 37.33
2015-01-29, 37.12
2015-01-30, 36.77
2015-02-02, 36.52
2015-02-03, 37.28
2015-02-04, 37.18
2015-02-05, 37.12
2015-02-06, 36.4
2015-02-09, 36.28
2015-02-10, 36.87
2015-02-11, 37.38
2015-02-12, 37.63
2015-02-13, 38.16
2015-02-16, 38.65
2015-02-17, 38.71
2015-02-25, 38.42
2015-02-26, 38.89
2015-02-27, 39.25
2015-03-02, 40.05
2015-03-03, 39.47
2015-03-04, 40.07
2015-03-05, 40.15
2015-03-06, 39.5
2015-03-09, 40.0
2015-03-10, 40.44
2015-03-11, 40.36
2015-03-12, 40.08
2015-03-13, 40.39
2015-03-16, 41.52
2015-03-17, 41.89
2015-03-18, 42.55
2015-03-19, 42.72
2015-03-20, 43.14
2015-03-23, 44.22
2015-03-24, 44.72
2015-03-25, 45.05
2015-03-26, 44.1
2015-03-27, 44.49
2015-03-30, 45.21
2015-03-31, 45.3
2015-04-01, 46.46
2015-04-02, 47.28
2015-04-03, 48.17
2015-04-07, 49.2
2015-04-08, 48.92
2015-04-09, 48.68
2015-04-10, 49.74
2015-04-13, 50.61
2015-04-14, 50.55
2015-04-15, 48.39
2015-04-16, 48.91
2015-04-17, 48.82
2015-04-20, 47.9
2015-04-21, 49.59
2015-04-22, 50.84
2015-04-23, 51.79
2015-04-24, 51.58
2015-04-27, 51.96
2015-04-28, 49.06
2015-04-29, 49.66
2015-04-30, 49.67
2015-05-04, 49.99
2015-05-05, 48.62
2015-05-06, 48.42
2015-05-07, 47.9
2015-05-08, 49.91
2015-05-11, 52.16
2015-05-12, 53.35
2015-05-13, 53.76
2015-05-14, 53.91
2015-05-15, 53.66
2015-05-18, 54.97
2015-05-19, 56.45
2015-05-20, 57.6
2015-05-21, 59.73
2015-05-22, 60.3
2015-05-25, 61.25
2015-05-26, 63.46
2015-05-27, 64.17
2015-05-28, 60.59
2015-05-29, 61.41
2015-06-01, 64.38
2015-06-02, 66.64
2015-06-03, 66.9
2015-06-04, 66.51
2015-06-05, 67.13
2015-06-08, 65.96
2015-06-09, 65.86
2015-06-10, 67.15
2015-06-11, 68.1
2015-06-12, 68.92
2015-06-15, 67.42
2015-06-16, 65.01
2015-06-17, 66.31
2015-06-18, 64.02
2015-06-19, 60.3
2015-06-23, 61.09
2015-06-24, 62.16
2015-06-25, 59.83
2015-06-26, 55.1
2015-06-29, 51.78
2015-06-30, 54.28
2015-07-01, 51.71
2015-07-02, 48.88
2015-07-03, 46.32
2015-07-06, 45.12
2015-07-07, 42.71
2015-07-08, 41.64
2015-07-09, 43.23
2015-07-10, 45.01
2015-07-13, 46.9
2015-07-14, 47.53
2015-07-15, 45.53
2015-07-16, 46.16
2015-07-17, 48.46
2015-07-20, 49.33
2015-07-21, 50.1
2015-07-22, 50.6
2015-07-23, 52.02
2015-07-24, 51.43
2015-07-27, 47.85
2015-07-28, 46.8
2015-07-29, 48.73
2015-07-30, 47.16
2015-07-31, 46.78
2015-08-03, 45.53
2015-08-04, 47.7
2015-08-05, 47.2
2015-08-06, 46.86
2015-08-07, 48.28
2015-08-10, 50.45
2015-08-11, 50.65
2015-08-12, 49.94
2015-08-13, 51.03
2015-08-14, 51.27
2015-08-17, 51.58
2015-08-18, 48.17
2015-08-19, 49.23
2015-08-20, 47.78
2015-08-21, 45.22
2015-08-24, 41.73
2015-08-25, 38.79
2015-08-26, 37.64
2015-08-27, 38.92
2015-08-28, 41.09
2015-08-31, 39.84
2015-09-01, 38.01
2015-09-02, 37.3
2015-09-07, 37.37
2015-09-08, 38.81
2015-09-09, 40.08
2015-09-10, 39.46
2015-09-11, 39.71
2015-09-14, 37.05
2015-09-15, 35.22
2015-09-16, 37.53
2015-09-17, 36.98
2015-09-18, 37.45
2015-09-21, 38.8
2015-09-22, 39.07
2015-09-23, 38.75
2015-09-24, 39.24
2015-09-25, 37.88
2015-09-28, 38.82
2015-09-29, 38.24
2015-09-30, 38.38
2015-10-08, 39.95
2015-10-09, 40.54
2015-10-12, 42.24
2015-10-13, 42.68
2015-10-14, 42.16
2015-10-15, 43.42
2015-10-16, 43.99
2015-10-19, 44.04
2015-10-20, 44.94
2015-10-21, 42.27
2015-10-22, 43.85
2015-10-23, 45.13
2015-10-26, 45.46
2015-10-27, 45.75
2015-10-28, 44.72
2015-10-29, 45.07
2015-10-30, 45.08
2015-11-02, 44.3
2015-11-03, 44.28
2015-11-04, 46.57
2015-11-05, 46.67
2015-11-06, 48.0
2015-11-09, 48.88
2015-11-10, 49.25
2015-11-11, 50.22
2015-11-12, 50.39
2015-11-13, 49.18
2015-11-16, 50.19
2015-11-17, 49.77
2015-11-18, 48.86
2015-11-19, 50.52
2015-11-20, 51.14
2015-11-23, 50.77
2015-11-24, 51.47
2015-11-25, 52.44
2015-11-26, 52.03
2015-11-27, 48.87
2015-11-30, 49.3
2015-12-01, 49.19
2015-12-02, 48.99
2015-12-03, 50.22
2015-12-04, 49.98
2015-12-07, 50.61
2015-12-08, 49.73
2015-12-09, 49.59
2015-12-10, 49.56
2015-12-11, 49.3
2015-12-14, 50.33
2015-12-15, 50.9
2015-12-16, 51.25
2015-12-17, 52.67
2015-12-18, 52.61
2015-12-21, 53.11
2015-12-22, 53.56
2015-12-23, 52.94
2015-12-24, 52.83
2015-12-25, 53.18
2015-12-28, 52.08
2015-12-29, 53.11
2015-12-30, 53.62
2015-12-31, 52.75
2016-01-04, 48.49
2016-01-05, 47.63
2016-01-06, 48.88
2016-01-07, 44.86
2016-01-08, 45.39
2016-01-11, 42.42
2016-01-12, 42.63
2016-01-13, 41.18
2016-01-14, 42.78
2016-01-15, 41.38
2016-01-18, 42.13
2016-01-19, 43.63
2016-01-20, 43.2
2016-01-21, 41.49
2016-01-22, 42.04
2016-01-25, 42.52
2016-01-26, 39.5
2016-01-27, 39.17
2016-01-28, 37.53
2016-01-29, 38.93
2016-02-01, 38.53
2016-02-02, 39.86
2016-02-03, 40.1
2016-02-04, 40.89
2016-02-05, 40.36
2016-02-15, 40.22
2016-02-16, 41.88
2016-02-17, 42.52
2016-02-18, 42.36
2016-02-19, 42.57
2016-02-22, 43.45
2016-02-23, 43.14
2016-02-24, 43.12
2016-02-25, 39.9
2016-02-26, 39.82
2016-02-29, 37.61
2016-03-01, 38.55
2016-03-02, 40.37
2016-03-03, 40.32
2016-03-04, 39.14
2016-03-07, 39.91
2016-03-08, 40.1
2016-03-09, 39.26
2016-03-10, 38.44
2016-03-11, 38.33
2016-03-14, 39.45
2016-03-15, 39.06
2016-03-16, 38.55
2016-03-17, 39.92
2016-03-18, 41.3
2016-03-21, 41.8
2016-03-22, 41.63
2016-03-23, 42.11
2016-03-24, 41.52
2016-03-25, 41.71
2016-03-28, 41.04
2016-03-29, 39.8
2016-03-30, 41.05
2016-03-31, 41.28
2016-04-01, 41.06
2016-04-05, 42.13
2016-04-06, 42.34
2016-04-07, 41.67
2016-04-08, 41.29
2016-04-11, 42.1
2016-04-12, 41.94
2016-04-13, 42.5
2016-04-14, 42.98
2016-04-15, 42.85
2016-04-18, 41.33
2016-04-19, 41.25
2016-04-20, 39.55
2016-04-21, 39.06
2016-04-22, 38.97
2016-04-25, 38.67
2016-04-26, 39.04
2016-04-27, 38.16
2016-04-28, 38.03
2016-04-29, 37.85
2016-05-03, 38.98
2016-05-04, 38.97
2016-05-05, 39.25
2016-05-06, 37.91
2016-05-09, 36.57
2016-05-10, 36.55
2016-05-11, 36.34
2016-05-12, 36.34
2016-05-13, 36.23
2016-05-16, 36.86
2016-05-17, 36.87
2016-05-18, 35.93
2016-05-19, 36.16
2016-05-20, 36.55
2016-05-23, 37.08
2016-05-24, 36.73
2016-05-25, 36.64
2016-05-26, 36.82
2016-05-27, 36.78
2016-05-30, 36.61
2016-05-31, 38.12
2016-06-01, 38.4
2016-06-02, 38.76
2016-06-03, 38.99
2016-06-06, 39.14
2016-06-07, 39.25
2016-06-08, 39.16
2016-06-13, 37.28
2016-06-14, 37.39
2016-06-15, 38.57
2016-06-16, 38.48
2016-06-17, 38.79
2016-06-20, 38.99
2016-06-21, 38.6
2016-06-22, 39.24
2016-06-23, 39.15
2016-06-24, 38.82
2016-06-27, 39.76
2016-06-28, 40.23
2016-06-29, 40.28
2016-06-30, 40.32
2016-07-01, 40.24
2016-07-04, 40.87
2016-07-05, 40.95
2016-07-06, 41.12
2016-07-07, 41.1
2016-07-08, 41.06
2016-07-11, 40.82
2016-07-12, 41.32
2016-07-13, 41.67
2016-07-14, 41.75
2016-07-15, 41.63
2016-07-18, 41.41
2016-07-19, 41.54
2016-07-20, 41.58
2016-07-21, 41.64
2016-07-22, 41.25
2016-07-25, 41.28
2016-07-26, 41.81
2016-07-27, 39.95
2016-07-28, 39.9
2016-07-29, 39.72
2016-08-01, 39.14
2016-08-02, 39.43
2016-08-03, 39.6
2016-08-04, 39.89
2016-08-05, 39.75
2016-08-08, 40.18
2016-08-09, 40.61
2016-08-10, 40.48
2016-08-11, 39.98
2016-08-12, 40.45
2016-08-15, 41.5
2016-08-16, 41.77
2016-08-17, 41.9
2016-08-18, 41.88
2016-08-19, 41.95
2016-08-22, 41.44
2016-08-23, 41.58
2016-08-24, 41.7
2016-08-25, 41.48
2016-08-26, 41.59
2016-08-29, 41.67
2016-08-30, 41.71
2016-08-31, 41.81
2016-09-01, 41.5
2016-09-02, 41.33
2016-09-05, 41.51
2016-09-06, 42.14
2016-09-07, 42.07
2016-09-08, 42.19
2016-09-09, 41.88
2016-09-12, 40.71
2016-09-13, 40.96
2016-09-14, 40.77
2016-09-19, 41.22
2016-09-20, 41.24
2016-09-21, 41.35
2016-09-22, 41.63
2016-09-23, 41.42
2016-09-26, 40.56
2016-09-27, 40.99
2016-09-28, 40.92
2016-09-29, 41.09
2016-09-30, 41.29
2016-10-10, 42.12
2016-10-11, 42.31
2016-10-12, 42.38
2016-10-13, 42.44
2016-10-14, 42.41
2016-10-17, 42.0
2016-10-18, 42.61
2016-10-19, 42.55
2016-10-20, 42.71
2016-10-21, 42.56
2016-10-24, 42.94
2016-10-25, 43.08
2016-10-26, 42.92
2016-10-27, 42.9
2016-10-28, 42.59
2016-10-31, 42.55
2016-11-01, 43.0
2016-11-02, 42.7
2016-11-03, 42.95
2016-11-04, 42.85
2016-11-07, 42.84
2016-11-08, 43.12
2016-11-09, 42.85
2016-11-10, 43.45
2016-11-11, 43.69
2016-11-14, 43.85
2016-11-15, 44.06
2016-11-16, 44.09
2016-11-17, 43.93
2016-11-18, 43.85
2016-11-21, 44.07
2016-11-22, 44.45
2016-11-23, 44.29
2016-11-24, 44.14
2016-11-25, 44.34
2016-11-28, 44.29
2016-11-29, 43.97
2016-11-30, 43.94
2016-12-01, 44.2
2016-12-02, 43.47
2016-12-05, 43.16
2016-12-06, 43.21
2016-12-07, 43.59
2016-12-08, 43.33
2016-12-09, 43.18
2016-12-12, 41.09
2016-12-13, 41.21
2016-12-14, 40.87
2016-12-15, 41.14
2016-12-16, 41.51
2016-12-19, 41.35
2016-12-20, 41.3
2016-12-21, 41.61
2016-12-22, 41.57
2016-12-23, 41.19
2016-12-26, 41.33
2016-12-27, 41.43
2016-12-28, 41.26
2016-12-29, 41.14
2016-12-30, 41.21
2017-01-03, 41.57
2017-01-04, 42.05
2017-01-05, 41.98
2017-01-06, 41.6
2017-01-09, 41.74
2017-01-10, 41.63
2017-01-11, 41.2
2017-01-12, 40.87
2017-01-13, 40.25
2017-01-16, 38.77
2017-01-17, 39.23
2017-01-18, 39.08
2017-01-19, 38.95
2017-01-20, 39.56
2017-01-23, 40.22
2017-01-24, 40.07
2017-01-25, 40.24
2017-01-26, 40.52
2017-02-03, 40.38
2017-02-06, 40.78
2017-02-07, 40.76
2017-02-08, 41.09
2017-02-09, 41.36
2017-02-10, 41.25
2017-02-13, 41.63
2017-02-14, 41.62
2017-02-15, 41.27
2017-02-16, 41.49
2017-02-17, 41.19
2017-02-20, 41.49
2017-02-21, 41.89
2017-02-22, 42.05
2017-02-23, 42.11
2017-02-24, 42.29
2017-02-27, 42.02
2017-02-28, 42.26
2017-03-01, 42.41
2017-03-02, 42.16
2017-03-03, 42.27
2017-03-06, 42.86
2017-03-07, 42.97
2017-03-08, 42.75
2017-03-09, 42.4
2017-03-10, 42.54
2017-03-13, 42.6
2017-03-14, 42.52
2017-03-15, 42.41
2017-03-16, 42.74
2017-03-17, 42.18
2017-03-20, 42.13
2017-03-21, 42.08
2017-03-22, 42.02
2017-03-23, 42.05
2017-03-24, 42.26
2017-03-27, 42.18
2017-03-28, 41.4
2017-03-29, 40.88
2017-03-30, 40.19
2017-03-31, 40.02
2017-04-05, 40.6
2017-04-06, 40.7
2017-04-07, 40.25
2017-04-10, 39.66
2017-04-11, 39.85
2017-04-12, 39.54
2017-04-13, 39.69
2017-04-14, 38.95
2017-04-17, 38.37
2017-04-18, 38.36
2017-04-19, 37.97
2017-04-20, 37.8
2017-04-21, 37.62
2017-04-24, 36.64
2017-04-25, 36.45
2017-04-26, 36.12
2017-04-27, 36.07
2017-04-28, 35.87
2017-05-02, 35.93
2017-05-03, 35.83
2017-05-04, 35.73
2017-05-05, 35.29
2017-05-08, 34.59
2017-05-09, 34.82
2017-05-10, 34.34
2017-05-11, 34.27
2017-05-12, 34.29
2017-05-15, 34.42
2017-05-16, 35.13
2017-05-17, 35.17
2017-05-18, 34.95
2017-05-19, 34.9
2017-05-22, 34.42
2017-05-23, 33.7
2017-05-24, 33.88
2017-05-25, 34.12
2017-05-26, 34.08
2017-05-31, 34.06
2017-06-01, 33.4
2017-06-02, 33.71
2017-06-05, 33.94
2017-06-06, 34.13
2017-06-07, 34.88
2017-06-08, 34.93
2017-06-09, 35.0
2017-06-12, 34.62
2017-06-13, 35.05
2017-06-14, 34.92
2017-06-15, 35.23
2017-06-16, 35.14
2017-06-19, 35.34
2017-06-20, 35.38
2017-06-21, 35.54
2017-06-22, 35.09
2017-06-23, 35.25
2017-06-26, 35.73
2017-06-27, 35.76
2017-06-28, 35.48
2017-06-29, 35.64
2017-06-30, 35.75
2017-07-03, 35.9
2017-07-04, 35.74
2017-07-05, 36.03
2017-07-06, 36.05
2017-07-07, 36.12
2017-07-10, 35.88
2017-07-11, 35.62
2017-07-12, 35.57
2017-07-13, 35.55
2017-07-14, 35.4
2017-07-17, 33.89
2017-07-18, 34.09
2017-07-19, 34.61
2017-07-20, 34.78
2017-07-21, 34.73
2017-07-24, 34.9
2017-07-25, 34.8
2017-07-26, 34.69
2017-07-27, 35.14
2017-07-28, 35.18
2017-07-31, 35.38
2017-08-01, 35.45
2017-08-02, 35.22
2017-08-03, 35.22
2017-08-04, 35.01
2017-08-07, 35.27
2017-08-08, 35.41
2017-08-09, 35.53
2017-08-10, 35.29
2017-08-11, 34.76
2017-08-14, 35.47
2017-08-15, 35.62
2017-08-16, 35.83
2017-08-17, 36.03
2017-08-18, 35.91
2017-08-21, 36.19
2017-08-22, 36.04
2017-08-23, 35.95
2017-08-24, 35.73
2017-08-25, 36.11
2017-08-28, 36.62
2017-08-29, 36.54
2017-08-30, 36.67
2017-08-31, 36.79
2017-09-01, 37.01
2017-09-04, 37.24
2017-09-05, 37.32
2017-09-06, 37.45
2017-09-07, 37.35
2017-09-08, 37.4
2017-09-11, 37.72
2017-09-12, 37.62
2017-09-13, 37.79
2017-09-14, 37.77
2017-09-15, 37.67
2017-09-18, 37.95
2017-09-19, 37.82
2017-09-20, 38.15
2017-09-21, 37.84
2017-09-22, 37.7
2017-09-25, 37.24
2017-09-26, 37.24
2017-09-27, 37.52
2017-09-28, 37.44
2017-09-29, 37.71
2017-10-09, 38.19
2017-10-10, 38.5
2017-10-11, 38.44
2017-10-12, 38.38
2017-10-13, 38.64
2017-10-16, 38.05
2017-10-17, 38.1
2017-10-18, 37.97
2017-10-19, 37.68
2017-10-20, 37.99
2017-10-23, 38.25
2017-10-24, 38.22
2017-10-25, 38.52
2017-10-26, 38.61
2017-10-27, 38.49
2017-10-30, 37.83
2017-10-31, 38.1
2017-11-01, 38.13
2017-11-02, 37.89
2017-11-03, 37.63
2017-11-06, 38.09
2017-11-07, 38.35
2017-11-08, 38.37
2017-11-09, 38.67
2017-11-10, 38.88
2017-11-13, 39.0
2017-11-14, 38.63
2017-11-15, 38.24
2017-11-16, 38.32
2017-11-17, 37.27
2017-11-20, 37.61
2017-11-21, 37.91
2017-11-22, 37.81
2017-11-23, 36.71
2017-11-24, 36.68
2017-11-27, 36.13
2017-11-28, 36.62
2017-11-29, 36.64
2017-11-30, 36.34
2017-12-01, 36.63
2017-12-04, 36.36
2017-12-05, 35.67
2017-12-06, 35.91
2017-12-07, 35.69
2017-12-08, 36.14
2017-12-11, 36.68
2017-12-12, 36.33
2017-12-13, 36.6
2017-12-14, 36.59
2017-12-15, 36.34
2017-12-18, 36.01
2017-12-19, 36.32
2017-12-20, 36.06
2017-12-21, 36.32
2017-12-22, 36.26
2017-12-25, 35.87
2017-12-26, 36.03
2017-12-27, 35.79
2017-12-28, 35.96
2017-12-29, 36.21
